titles,link,download_link
world of married couple ep next the world of the married next,https://subs.dog/subtitles/2230009/The-World-of-the-Married-A-World-of-Married-Couple-Couple-s-World-Boobooui-Sekye-/,https://d.subs.dog/download/7/b/4/7b40c36c5ed42e58e3ca80597c792afc/The%20World%20of%20the%20Married%20%28A%20World%20of%20Married%20Couple%20%20%20Couple%27s%20World%20%20%20Boobooui%20Sekye%20%20%20%EB%B6%80%EB%B6%80%EC%9D%98%20%EC%84%B8%EA%B3%84%29.zip
kuning scoob webrip webdl hdrip everyagent scoob webrip webhd webdl hdrip amzn everyagent,https://subs.dog/subtitles/2230029/Scoob-/,https://d.subs.dog/download/1/c/1/1c177f5a9a217dca349e12eace3e32cb/Scoob%21.zip
eccentric chef moon episode 제멋대로 바캉스 eccentric chef moon next iqiyi,https://subs.dog/subtitles/2230001/Eccentric-Chef-Moon-Unique-Chef-Moon-Yoobyeolna-Moonshefu-/,https://d.subs.dog/download/4/b/1/4b1a2d2e771f8d4ee7187a4581eeb1c9/Eccentric%21%20Chef%20Moon%20%28Unique%21%20Chef%20Moon%20%20%20Yoobyeolna%21%20Moonshefu%20%20%20%EC%A0%9C%EB%A9%8B%EB%8C%80%EB%A1%9C%20%EB%B0%94%EC%BA%89%EC%8A%A4%29.zip
scoob web hd pahe in indonesian scoob web hd pahe in scoob web hd pahe in scoob amzn web dl ddp ntg,https://subs.dog/subtitles/2230045/Scoob-/,https://d.subs.dog/download/e/7/3/e7313e12deb0dd1ba75d7837cf272eab/Scoob%21.zip
world of married couple ep 부부의 세계 the world of married next viu 부부의 세계 world of married couple next viu,https://subs.dog/subtitles/2230005/The-World-of-the-Married-A-World-of-Married-Couple-Couple-s-World-Boobooui-Sekye-/,https://d.subs.dog/download/a/2/d/a2d991c47d568dd05fb0bd12eb6c0e01/The%20World%20of%20the%20Married%20%28A%20World%20of%20Married%20Couple%20%20%20Couple%27s%20World%20%20%20Boobooui%20Sekye%20%20%20%EB%B6%80%EB%B6%80%EC%9D%98%20%EC%84%B8%EA%B3%84%29.zip
indo world of married couple ep next viu 부부의ㅡ세계 ㅡthe world of the married episode next viu,https://subs.dog/subtitles/2230013/The-World-of-the-Married-A-World-of-Married-Couple-Couple-s-World-Boobooui-Sekye-/,https://d.subs.dog/download/6/4/7/647be4be0f2128ea4f46169fbba25a54/The%20World%20of%20the%20Married%20%28A%20World%20of%20Married%20Couple%20%20%20Couple%27s%20World%20%20%20Boobooui%20Sekye%20%20%20%EB%B6%80%EB%B6%80%EC%9D%98%20%EC%84%B8%EA%B3%84%29.zip
the world of the married 부부의ㅡㅡ세계ㅡㅡthe world of the married ep web dl viu,https://subs.dog/subtitles/2229824/The-World-of-the-Married-A-World-of-Married-Couple-Couple-s-World-Boobooui-Sekye-/,https://d.subs.dog/download/3/7/a/37a4604ed5f8ecc4043e2fddb5231eb0/The%20World%20of%20the%20Married%20%28A%20World%20of%20Married%20Couple%20%20%20Couple%27s%20World%20%20%20Boobooui%20Sekye%20%20%20%EB%B6%80%EB%B6%80%EC%9D%98%20%EC%84%B8%EA%B3%84%29.zip
world of married couple ep next viu 부부의세계 the world of the married next viu sekyeㅡthe world of the married next,https://subs.dog/subtitles/2229805/The-World-of-the-Married-A-World-of-Married-Couple-Couple-s-World-Boobooui-Sekye-/,https://d.subs.dog/download/1/b/8/1b8bea2468b1821b7b306fcc412555a0/The%20World%20of%20the%20Married%20%28A%20World%20of%20Married%20Couple%20%20%20Couple%27s%20World%20%20%20Boobooui%20Sekye%20%20%20%EB%B6%80%EB%B6%80%EC%9D%98%20%EC%84%B8%EA%B3%84%29.zip
legend of awakening ㅡlegend of awakeninㅡep indo ㅡlegend of awakeninㅡep indo,https://subs.dog/subtitles/2229621/Legend-of-Awakening-The-Road-of-Awakening-Tian-Xing-Zhi-Lu-/,https://d.subs.dog/download/9/4/2/9423e1b722c32ee143ce41af0eaa52cc/Legend%20of%20Awakening%20%28The%20Road%20of%20Awakening%20%20%20Tian%20Xing%20Zhi%20Lu%20%20%20%E5%A4%A9%E9%86%92%E4%B9%8B%E8%B7%AF%29.zip
girl at my door korean bluray aac,https://subs.dog/subtitles/2229598/A-Girl-at-My-Door/,https://d.subs.dog/download/c/1/9/c19bef59d0c6d4da1a093941d47165be/A%20Girl%20at%20My%20Door.zip
kuning to hell and gone webrip aac yts mx to hell and gone webrip aac yts mx,https://subs.dog/subtitles/2229529/To-Hell-and-Gone/,https://d.subs.dog/download/0/7/c/07caab548924f4f2e8613244d81089e8/To%20Hell%20and%20Gone.zip
oh my baby ep 마이 베이비 oh my baby next viu,https://subs.dog/subtitles/2229203/Oh-My-Baby-O-Mai-Baeibi-/,https://d.subs.dog/download/5/d/4/5d41f08d3e0663c18624e213c5b6f39b/Oh%20My%20Baby%20%28O%20Mai%20Baeibi%20%20%20%EC%98%A4%20%EB%A7%88%EC%9D%B4%20%EB%B2%A0%EC%9D%B4%EB%B9%84%29.zip
oh my baby ep next viu ㆍ오 마이 베이비ㆍ ㆍoh my baby ep next viu ㆍ오 마이 베이비ㆍ ㆍoh my baby ep unknow viu,https://subs.dog/subtitles/2229191/Oh-My-Baby-O-Mai-Baeibi-/,https://d.subs.dog/download/b/d/e/bde07151e9525da026583f0cff54deea/Oh%20My%20Baby%20%28O%20Mai%20Baeibi%20%20%20%EC%98%A4%20%EB%A7%88%EC%9D%B4%20%EB%B2%A0%EC%9D%B4%EB%B9%84%29.zip
fix you ep next viu 一영혼수선공一fix you next viu,https://subs.dog/subtitles/2229181/Fix-You-Soul-Repairer-Younghonsoosungong-/,https://d.subs.dog/download/8/2/6/826435585b23fdca64b02fd8d6074664/Fix%20You%20%28Soul%20Repairer%20%20%20Younghonsoosungong%20%20%20%EC%98%81%ED%98%BC%EC%88%98%EC%84%A0%EA%B3%B5%29.zip
hijau the invisible man semua brrip blurayrip bdrip www mkvbee com the invisible man semua brrip blurayrip bdrip www mkvbee com,https://subs.dog/subtitles/2229517/The-Invisible-Man/,https://d.subs.dog/download/8/c/6/8c6de4b1b52e5be5753aa297e3b55dd3/The%20Invisible%20Man.zip
oh my baby episode 마이 베이비 oh my baby next iqiyi,https://subs.dog/subtitles/2229169/Oh-My-Baby-O-Mai-Baeibi-/,https://d.subs.dog/download/d/0/9/d0968e3d855e04c9fdf5dd70f06833f8/Oh%20My%20Baby%20%28O%20Mai%20Baeibi%20%20%20%EC%98%A4%20%EB%A7%88%EC%9D%B4%20%EB%B2%A0%EC%9D%B4%EB%B9%84%29.zip
oh my baby episode next iqiyi ㆍ오 마이 베이비ㆍ ㆍoh my baby ep next iqiyi ㆍ오 마이 베이비ㆍ ㆍoh my baby ep next iqiyi,https://subs.dog/subtitles/2229170/Oh-My-Baby-O-Mai-Baeibi-/,https://d.subs.dog/download/b/f/7/bf7e7eb48857b765ea7c74993957a3e2/Oh%20My%20Baby%20%28O%20Mai%20Baeibi%20%20%20%EC%98%A4%20%EB%A7%88%EC%9D%B4%20%EB%B2%A0%EC%9D%B4%EB%B9%84%29.zip
oh my baby ㆍ오 마이 베이비ㆍ ㆍoh my baby ep next,https://subs.dog/subtitles/2229013/Oh-My-Baby-O-Mai-Baeibi-/,https://d.subs.dog/download/e/8/3/e83512c6889ac5141373551a517bac4c/Oh%20My%20Baby%20%28O%20Mai%20Baeibi%20%20%20%EC%98%A4%20%EB%A7%88%EC%9D%B4%20%EB%B2%A0%EC%9D%B4%EB%B9%84%29.zip
legend of awakening ㅡlegend of awakeninㅡep indo ㅡlegend of awakeninㅡep indo,https://subs.dog/subtitles/2229007/Legend-of-Awakening-The-Road-of-Awakening-Tian-Xing-Zhi-Lu-/,https://d.subs.dog/download/4/e/9/4e9ca1abef1dfb1362779a78de7b72bc/Legend%20of%20Awakening%20%28The%20Road%20of%20Awakening%20%20%20Tian%20Xing%20Zhi%20Lu%20%20%20%E5%A4%A9%E9%86%92%E4%B9%8B%E8%B7%AF%29.zip
to hell and gone webrip ac evo,https://subs.dog/subtitles/2228959/To-Hell-and-Gone/,https://d.subs.dog/download/9/b/a/9bac2597bda629c5753bed92f9453383/To%20Hell%20and%20Gone.zip
oh my baby ep oh my baby 마이 베이비 ep by jasmineyusuf,https://subs.dog/subtitles/2228952/Oh-My-Baby-O-Mai-Baeibi-/,https://d.subs.dog/download/8/4/2/8420086271a7e1702ddc4e773625f298/Oh%20My%20Baby%20%28O%20Mai%20Baeibi%20%20%20%EC%98%A4%20%EB%A7%88%EC%9D%B4%20%EB%B2%A0%EC%9D%B4%EB%B9%84%29.zip
look out officer all bluray yts ganool kuning look out officer all bluray yts ganool,https://subs.dog/subtitles/2227360/Look-Out-Officer-Shi-xiong-zhuang-gui-/,https://d.subs.dog/download/8/c/0/8c0033b1ce369570c93921a6f65aab20/Look%20Out%2C%20Officer%21%20%28%E5%B8%AB%E5%85%84%E6%92%9E%E9%AC%BC%20%20%20Shi%20xiong%20zhuang%20gui%29.zip
the green mile brrip yify txt the green mile brrip yify,https://subs.dog/subtitles/2227258/The-Green-Mile/,https://d.subs.dog/download/0/9/f/09fce3dac478bf47334c62aedcf02f53/The%20Green%20Mile.zip
my love enlighten me episode my love enlighten me episode,https://subs.dog/subtitles/2227239/My-Love-Enlighten-Me-Nuan-Nuan-Qing-Duo-Zhi-Jiao-/,https://d.subs.dog/download/0/f/4/0f47951da72d41c6d6a9db1feaea93aa/My%20Love%2C%20Enlighten%20Me%20%28Nuan%20Nuan%20Qing%20Duo%20Zhi%20Jiao%20%20%20%E6%9A%96%E6%9A%96%E8%AF%B7%E5%A4%9A%E6%8C%87%E6%95%99%29.zip
ijo onward brrip blu ray bdrip www sebuah dongeng com onward semua brrip blurayrip bdrip www sebuah dongeng com,https://subs.dog/subtitles/2226754/Onward/,https://d.subs.dog/download/d/8/d/d8dfa9516db1820a8f29c68f00aa6c1b/Onward.zip
radio star ep next 황금어장 라디오스타 radio_star_e next viu 황금어장 라디오스타 radio_star_e next viu 황금어장 라디오스타 radio_star_e next viu 황금어장 라디오스타 radio_star_e next viu 황금어장 라디오스타 radio_star_e next viu 황금어장 라디오스타 radio_star_e next viu,https://subs.dog/subtitles/2226731/Radio-Star-/,https://d.subs.dog/download/8/7/1/87134f17c4847fa6b89b59b139745bee/Radio%20Star%20%28%ED%99%A9%EA%B8%88%EC%96%B4%EC%9E%A5%20%EB%9D%BC%EB%94%94%EC%98%A4%EC%8A%A4%ED%83%80%29.zip
bring me home fhdrip aac nondrm,https://subs.dog/subtitles/2226197/Bring-Me-Home/,https://d.subs.dog/download/4/c/9/4c9d81857789996d5b9e70df8bdffb3e/Bring%20Me%20Home.zip
la grande vadrouille don look now we re being shot at bluray,https://subs.dog/subtitles/2226179/Don-t-Look-Now-We-re-Being-Shot-At-La-grande-vadrouille-/,https://d.subs.dog/download/0/5/b/05b2e4f69e2bd6130f347e46769d9aad/Don%27t%20Look%20Now%3A%20We%27re%20Being%20Shot%20At%20%28La%20grande%20vadrouille%29.zip
downhill bluray geckos downhill bluray geckos pahe ph,https://subs.dog/subtitles/2225957/Downhill/,https://d.subs.dog/download/b/5/9/b591109915f41939df83a31ec1ce1a3d/Downhill.zip
running turtle korean webrip vxt 거북이 달린다 running turtle korean webrip vxt,https://subs.dog/subtitles/2225993/Running-Turtle-AKA-Turtle-Runs-Geobugi-dallinda-/,https://d.subs.dog/download/4/a/c/4ac7df0fc5e46acec57d5076afd51b37/Running%20Turtle%20AKA%20Turtle%20Runs%20%28%EA%B1%B0%EB%B6%81%EC%9D%B4%20%EB%8B%AC%EB%A6%B0%EB%8B%A4%20%20%20Geobugi%20dallinda%29.zip
legend of awakening ep legend of awakening ep doramax,https://subs.dog/subtitles/2225930/Legend-of-Awakening-The-Road-of-Awakening-Tian-Xing-Zhi-Lu-/,https://d.subs.dog/download/d/2/4/d243a187878cca50eedc781886bf103b/Legend%20of%20Awakening%20%28The%20Road%20of%20Awakening%20%20%20Tian%20Xing%20Zhi%20Lu%20%20%20%E5%A4%A9%E9%86%92%E4%B9%8B%E8%B7%AF%29.zip
hijau capone webrip webdl hdrip everyagent capone webrip webdl hdrip everyagent,https://subs.dog/subtitles/2225979/Capone/,https://d.subs.dog/download/4/1/5/4152c00ff3bbeb8663734196b3a64edf/Capone.zip
the postcard killings bluray dts hd ma evo,https://subs.dog/subtitles/2225744/The-Postcard-Killings/,https://d.subs.dog/download/0/a/2/0a2c9790b3b9cae32e709e230de8f777/The%20Postcard%20Killings.zip
solusi liburan_ the big bang theory bluray pahe in the big bang theory complete bluray pahe in,https://subs.dog/subtitles/2225750/The-Big-Bang-Theory-Fifth-Season/,https://d.subs.dog/download/7/a/4/7a41459888dfd4c7411141148805cc25/The%20Big%20Bang%20Theory%20-%20Fifth%20Season.zip
good casting ep next viu 굿캐스팅一good casting next viu 굿캐스팅一good casting unknow viu,https://subs.dog/subtitles/2226715/Good-Casting-Gootkaeseuting-/,https://d.subs.dog/download/8/8/c/88c3fdb754e74052544e518878de0348/Good%20Casting%20%28Gootkaeseuting%20%20%20%EA%B5%BF%EC%BA%90%EC%8A%A4%ED%8C%85%29.zip
girlfriend ep girlfriend,https://subs.dog/subtitles/2225361/Girlfriend-Lou-xia-nu-you-qing-qian-shou-/,https://d.subs.dog/download/d/f/c/dfccf9e8abd5722beda9262c095cab6f/Girlfriend%20%28Lou%20xia%20nu%20you%20qing%20qian%20shou%20%20%20%E6%A8%93%E4%B8%8B%E5%A5%B3%E5%8F%8B%E8%AB%8B%E7%B0%BD%E6%94%B6%29.zip
hijau onward semua brrip blurayrip bdrip everyagent onward semua brrip blurayrip bdrip www mkvbee com,https://subs.dog/subtitles/2225362/Onward/,https://d.subs.dog/download/9/1/0/910eed41251aa2471f31417ef94d091d/Onward.zip
kuning jade dynasty chinese bluray aac vxt jade dynasty chinese bluray aac vxt,https://subs.dog/subtitles/2225191/Jade-Dynasty/,https://d.subs.dog/download/1/6/5/165b7cca444f3f8db277dd4918b713f1/Jade%20Dynasty.zip
teks biru justice league dark apokolips war semua brrip blurayrip bdrip justice league dark apokolips war semua brrip blurayrip bdrip justice league dark apokolips war bluray pahe in,https://subs.dog/subtitles/2225164/Justice-League-Dark-Apokolips-War/,https://d.subs.dog/download/6/0/4/6042417fac35822348a1354181b682d5/Justice%20League%20Dark%3A%20Apokolips%20War.zip
indonesian eng sub held in the lonely castle ep downsub com indonesian eng sub 清平乐 held in the lonely castle ep 主演 王凯 江疏影 任敏 downsub com,https://subs.dog/subtitles/2225192/Serenade-of-Peaceful-Joy-Lonely-city-closed-Gu-Cheng-Bi-Isolated-city-Held-in-the-Lonely-Castle-Qing-Ping-Le-/,https://d.subs.dog/download/d/c/6/dc6393d59f37b92869653b0ccfabcef0/Serenade%20of%20Peaceful%20Joy%20%28Lonely%20city%20closed%20%20%20Gu%20Cheng%20Bi%20%20%20Isolated%20city%20%20%20Held%20in%20the%20Lonely%20Castle%20%20%20Qing%20Ping%20Le%20%20%20%E6%B8%85%E5%B9%B3%E4%B9%90%29.zip
indonesian eng sub held in the lonely castle ep downsub com indonesian eng sub 清平乐 held in the lonely castle ep 主演 王凯 江疏影 任敏 downsub com,https://subs.dog/subtitles/2225176/Serenade-of-Peaceful-Joy-Lonely-city-closed-Gu-Cheng-Bi-Isolated-city-Held-in-the-Lonely-Castle-Qing-Ping-Le-/,https://d.subs.dog/download/e/e/5/ee55e4025e6da8991f8884002b0a6e20/Serenade%20of%20Peaceful%20Joy%20%28Lonely%20city%20closed%20%20%20Gu%20Cheng%20Bi%20%20%20Isolated%20city%20%20%20Held%20in%20the%20Lonely%20Castle%20%20%20Qing%20Ping%20Le%20%20%20%E6%B8%85%E5%B9%B3%E4%B9%90%29.zip
indonesian eng sub girlfriend ep tv downsub com indonesian eng sub 楼下女友请签收 顾云洲遇险 嘉怡机智救人 girlfriend ep 芒果tv青春剧场 downsub com,https://subs.dog/subtitles/2225177/Girlfriend-Lou-xia-nu-you-qing-qian-shou-/,https://d.subs.dog/download/e/0/9/e09610b832fb1ba4474d84e4f91f1aca/Girlfriend%20%28Lou%20xia%20nu%20you%20qing%20qian%20shou%20%20%20%E6%A8%93%E4%B8%8B%E5%A5%B3%E5%8F%8B%E8%AB%8B%E7%B0%BD%E6%94%B6%29.zip
three against the world three against the world dvdrip,https://subs.dog/subtitles/2225162/Three-Against-the-World/,https://d.subs.dog/download/e/9/f/e9fbf5e4dfece3bf6921b839f450d0c8/Three%20Against%20the%20World.zip
space jam bluray psychd,https://subs.dog/subtitles/2224948/Space-Jam/,https://d.subs.dog/download/e/4/b/e4b42206b05735cafc931e5cf1366e61/Space%20Jam.zip
legends of the fall brrip aac luv,https://subs.dog/subtitles/2224926/Legends-of-the-Fall/,https://d.subs.dog/download/6/5/9/659367c739bddc0f099751d4efe5434c/Legends%20of%20the%20Fall.zip
legionnaire trail aka the legion web dl ac evo,https://subs.dog/subtitles/2224377/The-Legion-Legionnaire-s-Trail-/,https://d.subs.dog/download/1/1/b/11bb999dc98e766f4becac1ac9b05bd9/The%20Legion%20%28Legionnaire%27s%20Trail%29.zip
when my love blooms ep 화양연화 when my love blooms next viu,https://subs.dog/subtitles/2224343/When-My-Love-Blooms-The-Most-Beautiful-Moment-in-Life-Hwayangyeonhwa-Salmi-Kkochi-Dweneun-Soongan-/,https://d.subs.dog/download/e/3/e/e3e6797cf9190cf9d9da0cce7b4f6de3/When%20My%20Love%20Blooms%20%28The%20Most%20Beautiful%20Moment%20in%20Life%20%20%20Hwayangyeonhwa%3A%20Salmi%20Kkochi%20Dweneun%20Soongan%20%20%20%ED%99%94%EC%96%91%EC%97%B0%ED%99%94%3A%20%EC%82%B6%EC%9D%B4%20%EA%BD%83%EC%9D%B4%20%EB%90%98%EB%8A%94%20%EC%88%9C%EA%B0%84%29.zip
curious george royal monkey web dl ac evo,https://subs.dog/subtitles/2224378/Curious-George-Royal-Monkey/,https://d.subs.dog/download/7/f/1/7f10641d1767cbb67ad032cd47c31427/Curious%20George%3A%20Royal%20Monkey.zip
chuang ep part chuang ep,https://subs.dog/subtitles/2224195/Chuang-2020-Chuang-Zao-Ying-2020-Chuang-3-Produce-Camp-2020-2020-/,https://d.subs.dog/download/6/e/d/6ed1acdff28ec7e175395ae4185b42ce/Chuang%202020%20%28Chuang%20Zao%20Ying%202020%20%20%20Chuang%203%20%20%20Produce%20Camp%202020%20%20%20%E5%88%9B%E9%80%A0%E8%90%A52020%29.zip
bumi manusia nf web dl ch pahe in indo,https://subs.dog/subtitles/2224224/Bumi-Manusia/,https://d.subs.dog/download/e/9/7/e97a80b8f16018d1154b44724e2d4a0a/Bumi%20Manusia.zip
