titles,link
bridge to terabithia bluray mb pahe in,https://subs.dog/subtitles/2223995/Bridge-to-Terabithia/
lot like love bluray amiable,https://subs.dog/subtitles/2224016/A-Lot-Like-Love/
exorcism at feet web op_ mbfilms com__ind,https://subs.dog/subtitles/2224018/Exorcism-at-60-000-Feet/
girlfriend ep girlfriend,https://subs.dog/subtitles/2224001/Girlfriend-Lou-xia-nu-you-qing-qian-shou-/
texas killing fields brrip yify,https://subs.dog/subtitles/2224012/Texas-Killing-Fields/
the game plan semua brrip bluray,https://subs.dog/subtitles/2224015/The-Game-Plan/
catch and release bluray reveille,https://subs.dog/subtitles/2224014/Catch-and-Release/
along came polly brrip yify,https://subs.dog/subtitles/2224019/Along-Came-Polly/
shaolin popey shaolin popey dvdrip,https://subs.dog/subtitles/2224004/Shaolin-Popey/
the shallows bluray geckos the shallows semua brrip bluray bdrip,https://subs.dog/subtitles/2223997/The-Shallows/
hangout with yoo ep next viu 놀면뭐하니 how do you play next viu 놀면뭐하니 how do you play next viu,https://subs.dog/subtitles/2223789/How-Do-You-Play-/
the invisible man webrip mb galaxyrg txt the invisible man webrip mb galaxyrg,https://subs.dog/subtitles/2229533/The-Invisible-Man/
the mimic bluray sadpanda,https://subs.dog/subtitles/2223385/The-Mimic-Jangsanbeom-/
naruto the movie shippuden japanese bluray aac,https://subs.dog/subtitles/2223347/Naruto-Shippuuden-Movie-1/
naruto the movie bonds japanese bluray aac,https://subs.dog/subtitles/2223356/Naruto-Shippuuden-Movie-2-Kizuna/
naruto the movie road to ninja bluray mb ganool,https://subs.dog/subtitles/2223374/Naruto-Shippuuden-Movie-6-Road-to-Ninja/
when my love blooms when my love blooms web dl appletor viu,https://subs.dog/subtitles/2223198/When-My-Love-Blooms-The-Most-Beautiful-Moment-in-Life-Hwayangyeonhwa-Salmi-Kkochi-Dweneun-Soongan-/
novecento bluray emirtef gibranas yts lt yellow novecento bluray emirtef gibranas yts lt,https://subs.dog/subtitles/2223176/1900-Novecento-/
novecento bluray hi emirtef gibranas yts lt yellow novecento bluray hi emirtef gibranas yts lt,https://subs.dog/subtitles/2223207/1900-Novecento-/
bad boys for life bluray pahe in ass bad boys for life,https://subs.dog/subtitles/2223200/Bad-Boys-For-Life/
bad boys ii remastered bluray pahe in ass bad boys,https://subs.dog/subtitles/2223199/Bad-Boys-II/
when my love blooms ep 화양연화 when my love blooms next viu,https://subs.dog/subtitles/2223177/When-My-Love-Blooms-The-Most-Beautiful-Moment-in-Life-Hwayangyeonhwa-Salmi-Kkochi-Dweneun-Soongan-/
call of the wild bluray emirtef gibranas yify yellow call of the wild bluray emirtef gibranas yify,https://subs.dog/subtitles/2223181/The-Call-of-the-Wild/
the madness within web dl emirtef gibranas yts lt yellow the madness within web dl emirtef gibranas yts lt,https://subs.dog/subtitles/2223213/The-Madness-Within/
my name is sara hdrip my name is sara hdrip,https://subs.dog/subtitles/2223161/My-Name-is-Sara/
indonesian eng sub held in the lonely castle ep downsub com indonesian eng sub 清平乐 held in the lonely castle ep,https://subs.dog/subtitles/2223130/Serenade-of-Peaceful-Joy-Lonely-city-closed-Gu-Cheng-Bi-Isolated-city-Held-in-the-Lonely-Castle-Qing-Ping-Le-/
when my love blooms episode next iqiyi when my love blooms episode next iqiyi화양연화ㅡwhen my love bloomsㅡe next iqiyi,https://subs.dog/subtitles/2223151/When-My-Love-Blooms-The-Most-Beautiful-Moment-in-Life-Hwayangyeonhwa-Salmi-Kkochi-Dweneun-Soongan-/
love on delivery chinese bluray aac vxt id love on delivery chinese bluray aac vxt ikiw,https://subs.dog/subtitles/2223158/Love-on-Delivery-Poh-waai-ji-wong-/
eccentric chef moon episode 제멋대로 바캉스 eccentric chef moon next iqiyi,https://subs.dog/subtitles/2223152/Eccentric-Chef-Moon-Unique-Chef-Moon-Yoobyeolna-Moonshefu-/
when my love blooms episode 화양연화 when my love blooms next iqiyi,https://subs.dog/subtitles/2223147/When-My-Love-Blooms-The-Most-Beautiful-Moment-in-Life-Hwayangyeonhwa-Salmi-Kkochi-Dweneun-Soongan-/
world of married couple world of married couple next,https://subs.dog/subtitles/2223167/The-World-of-the-Married-A-World-of-Married-Couple-Couple-s-World-Boobooui-Sekye-/
world of married couple ep 부부의 세계 the world of married next viu 부부의 세계 world of married couple next viu,https://subs.dog/subtitles/2222978/The-World-of-the-Married-A-World-of-Married-Couple-Couple-s-World-Boobooui-Sekye-/
the world of the married 부부의ㅡㅡ세계ㅡㅡthe world of the married ep web dl viu,https://subs.dog/subtitles/2223000/The-World-of-the-Married-A-World-of-Married-Couple-Couple-s-World-Boobooui-Sekye-/
world of married couple ep next viu 부부의세계 the world of the married next viu sekyeㅡthe world of the married next,https://subs.dog/subtitles/2223007/The-World-of-the-Married-A-World-of-Married-Couple-Couple-s-World-Boobooui-Sekye-/
indo world of married couple ep 부부의ㅡ세계 ㅡthe world of the married episode next viu,https://subs.dog/subtitles/2222989/The-World-of-the-Married-A-World-of-Married-Couple-Couple-s-World-Boobooui-Sekye-/
three meals day_ fishing village ep next 삼시세끼어촌편 three meals day fishing village next viu,https://subs.dog/subtitles/2222832/Three-Meals-a-Day-Fishing-Village-5-5-/
kuning the enchanting phantom hd aac mandarin chs ass the enchanting phantom hd aac mandarin chs,https://subs.dog/subtitles/2222536/The-Enchanting-Phantom-Chinese-Ghost-Story-Human-Love-/
eccentric chef moon episode 제멋대로 바캉스 eccentric chef moon next iqiyi,https://subs.dog/subtitles/2222137/Eccentric-Chef-Moon-Unique-Chef-Moon-Yoobyeolna-Moonshefu-/
eccentric chef moon episode 제멋대로 바캉스 eccentric chef moon next iqiyi,https://subs.dog/subtitles/2222090/Eccentric-Chef-Moon-Unique-Chef-Moon-Yoobyeolna-Moonshefu-/
indo world of married couple ep 부부의ㅡ세계ㅡthe world of the married next viu,https://subs.dog/subtitles/2222131/The-World-of-the-Married-A-World-of-Married-Couple-Couple-s-World-Boobooui-Sekye-/
world of married couple ep 부부의 세계 the world of married next viu,https://subs.dog/subtitles/2222100/The-World-of-the-Married-A-World-of-Married-Couple-Couple-s-World-Boobooui-Sekye-/
th wrld th mrr 부부의ㅡㅡ세계ㅡㅡthe world of the married ep web dl viu,https://subs.dog/subtitles/2221861/The-World-of-the-Married-A-World-of-Married-Couple-Couple-s-World-Boobooui-Sekye-/
world of married couple ep next viu 부부의세계 the world of the married next viu sekyeㅡthe world of the married next,https://subs.dog/subtitles/2221854/The-World-of-the-Married-A-World-of-Married-Couple-Couple-s-World-Boobooui-Sekye-/
indo world of married couple ep 부부의ㅡ세계 ㅡthe world of the married episode next viu,https://subs.dog/subtitles/2221870/The-World-of-the-Married-A-World-of-Married-Couple-Couple-s-World-Boobooui-Sekye-/
taeyeon happy ass,https://subs.dog/subtitles/2221667/TAEYEON-Happy/
bol leo feat baekhyun ass,https://subs.dog/subtitles/2221713/BOL4-Leo-feat-Baekhyun/
beautiful reborn flower indo ㅡbeautiful reborn flowerㅡe ㅡindo ㅡbeautiful reborn flowerㅡe ㅡindo,https://subs.dog/subtitles/2221687/Beautiful-Reborn-Flower-Bi-An-Hua-/
next 슬기로운 의사생활 next,https://subs.dog/subtitles/2221419/Hospital-Playlist-Wise-Doctor-Life-Seulkirowoon-Uisasaenghwal-/
hijau brahms the boy ii semua brrip blurayrip bdrip everyagent the boy ll semua brrip blurayrip bdrip everyagent,https://subs.dog/subtitles/2221432/Brahms-The-Boy-II/
dolittle bluray mb pahe in ass dolittle,https://subs.dog/subtitles/2221443/Dolittle/
